APT-0001,PAT-0001,DOC_008,2018-03-05 09:30,Scheduled
APT-0002,PAT-0005,DOC_018,2026-01-07 09:30,Scheduled
APT-0003,PAT-0006,DOC_004,2026-10-07 09:30,Scheduled
APT-0004,PAT-DEMO-02,DOC_003,2026-09-08 09:30,Scheduled
APT-0005,PAT-DEMO-01,DOC_001,2023-09-13 09:30,Cancelled
APT-0006,PAT-0001,DOC_001,2023-09-13 09:30,Scheduled
APT-0007,PAT-DEMO-03,DOC_001,2023-09-13 09:30,Cancelled
APT-0008,PAT-DEMO-02,DOC_020,2026-09-15 09:30,Scheduled
APT-0009,@waiyan,DOC_004,2026-09-09 11:00,Scheduled
APT-0010,PAT-DEMO-06,DOC_012,2026-09-11 10:00,Scheduled
