D001,Dr. Nyan Lin Htet,40,Male,09-765-4321,DOC_001,Anesthesiologist,302,1,Resident
D002,Dr. Phyo Sithu Kyaw,38,Male,09-111-2002,DOC_002,Neurologist,305,1,Resident
D003,Dr. Zune Sandi Wint,42,Female,09-111-2003,DOC_003,Cardiologist,310,1,Resident
D004,Dr. Htoo Kaung Kyaw,36,Male,09-111-2004,DOC_004,General Surgeon,220,1,Resident
D005,Dr. Aung Kaung Myat,45,Male,09-111-2005,DOC_005,Radiologist,201,1,Resident
D006,Dr. Kaung Myat Ko Ko,48,Male,09-111-2006,DOC_006,Gynecologist,801,1,Resident
D007,Dr. Kaung Htet Kyaw,34,Male,09-111-2007,DOC_007,Proctologist,215,1,Part-time
D008,Dr. Moe Thura Aung,39,Male,09-111-2008,DOC_008,Andrologist,240,1,Resident
D009,Dr. Ye Hein Thuta Aung,41,Male,09-111-2009,DOC_009,Oncologist,218,1,Part-time
D010,Dr. Htet Naing Lin,37,Male,09-111-2010,DOC_010,Ophthalmologist,219,1,Part-time
D011,Dr. Arkar Chan Myae,43,Male,09-111-2011,DOC_011,Psychiatrist,230,1,Part-time
D012,Dr. Kyi Phyu Khin,40,Female,09-111-2012,DOC_012,Dermatologist,410,1,Resident
D013,Dr. Han Thi Thi Htun,44,Female,09-111-2013,DOC_013,Pediatrician,802,1,Resident
D014,Dr. May Thu Aung,35,Female,09-111-2014,DOC_014,Orthopedic Surgeon,101,1,Resident
D015,Dr. Pa Pa,46,Female,09-111-2015,DOC_015,Otolaryngologist,330,1,Resident
D016,Dr. Lae Yi Phyo,41,Female,09-111-2016,DOC_016,Gastroenterologist,318,1,Part-time
D017,Dr. May Myat Chel,47,Female,09-111-2017,DOC_017,Plastic & Reconstructive Surgeon,322,1,Resident
D018,Dr. Khine Hsu Zar Thin,39,Female,09-111-2018,DOC_018,Pulmonologist,325,1,Resident
D019,Dr. Yone Phyu Phyu Aung,38,Female,09-111-2019,DOC_019,Pathologist,328,1,Part-time
D020,Dr. Myat Thin Nwe,36,Female,09-111-2020,DOC_020,Rheumatologist,335,1,Resident
D021,Dr. Yone Yamone Phoo,36,Female,09-111-2021,DOC_021,Geriatrician,336,1,Part-time
D022,Dr. Poe Ei Ei Thu,35,Female,09-333-232-5465,DOC_022,Gynecologist,337,1,Resident
D023,Nay Chi,33,Female,09-111-2023,DOC_023,Gynecologist,803,1,Resident
D024,Aye Thiri Aung,35,Female,09-111-2024,DOC_024,Gynecologist,804,1,Resident
D025,Ei Zin Htet,31,Female,09-111-2025,DOC_025,Gynecologist,805,1,Part-time
DOC_NEW_@thientwadi,Dr. Theint Wadi Aung,25,Female,09 213-324-652,DOC_NEW_@thientwadi,General Physician,399,1,Resident
