N1,Daw Nu Nu,28,Male,09-444-5556,NUR_1,Critical Care,Morning
N2,Daw Moe Moe,29,Female,09-444-5557,NUR_2,General Ward,Evening
N3,U Kyaw Swa,30,Female,09-444-5558,NUR_3,Isolation,Night
N4,Daw Khin Hnin,31,Female,09-444-5559,NUR_4,Maternity,Morning
N5,Daw Ei Ei,32,Female,09-444-5560,NUR_5,Critical Care,Evening
N6,Daw Su Mon,33,Male,09-444-5561,NUR_6,General Ward,Night
N7,U Min Zaw,34,Female,09-444-5562,NUR_7,Isolation,Morning
N8,Daw Hla Hla,35,Female,09-444-5563,NUR_8,Maternity,Evening
N9,Daw Thiri Win,36,Female,09-444-5564,NUR_9,Critical Care,Night
N10,Daw May Zin,37,Female,09-444-5565,NUR_10,General Ward,Morning
N11,U Aung Kyaw,38,Male,09-444-5566,NUR_11,Isolation,Evening
N12,Daw Nwe Nwe,39,Female,09-444-5567,NUR_12,Maternity,Night
N13,Daw Phyu Phyu,28,Female,09-444-5568,NUR_13,Critical Care,Morning
N14,U Hein Htet,29,Female,09-444-5569,NUR_14,General Ward,Evening
N15,Daw San San,30,Female,09-444-5570,NUR_15,Isolation,Night
N16,Daw Mya Mya,31,Male,09-444-5571,NUR_16,Maternity,Morning
N17,U Zaw Lin,32,Female,09-444-5572,NUR_17,Critical Care,Evening
N18,Daw Khin Yu,33,Female,09-444-5573,NUR_18,General Ward,Night
N19,Daw Wai Wai,34,Female,09-444-5574,NUR_19,Isolation,Morning
N20,U Nay Lin,35,Female,09-444-5575,NUR_20,Maternity,Evening
N21,Daw Htet Htet,36,Male,09-444-5576,NUR_21,Critical Care,Night
N22,Daw Mi Mi,37,Female,09-444-5577,NUR_22,General Ward,Morning
N23,U Kaung Myat,38,Female,09-444-5578,NUR_23,Isolation,Evening
N24,Daw Yadanar,39,Female,09-444-5579,NUR_24,Maternity,Night
N25,Daw Nilar,28,Female,09-444-5580,NUR_25,Critical Care,Morning
N26,U Phone Myint,29,Male,09-444-5581,NUR_26,General Ward,Evening
N27,Daw Cherry,30,Female,09-444-5582,NUR_27,Isolation,Night
N28,Daw Pwint Pwint,31,Female,09-444-5583,NUR_28,Maternity,Morning
N29,U Sithu,32,Female,09-444-5584,NUR_29,Critical Care,Evening
N30,Daw Hnin Hnin,33,Female,09-444-5585,NUR_30,General Ward,Night
N31,Daw Su Su,34,Male,09-444-5586,NUR_31,Isolation,Morning
N32,U Thant Zin,35,Female,09-444-5587,NUR_32,Maternity,Evening
N33,Daw Shwe Sin,36,Female,09-444-5588,NUR_33,Critical Care,Night
N34,Daw Kyal Sin,37,Female,09-444-5589,NUR_34,General Ward,Morning
N35,U Ye Min,38,Female,09-444-5590,NUR_35,Isolation,Evening
N36,Daw Thazin,39,Male,09-444-5591,NUR_36,Maternity,Night
N37,Daw Khin Khin,28,Female,09-444-5592,NUR_37,Critical Care,Morning
N38,U Myo Min,29,Female,09-444-5593,NUR_38,General Ward,Evening
N39,Daw May May,30,Female,09-444-5594,NUR_39,Isolation,Night
N40,Daw Zar Zar,31,Female,09-444-5595,NUR_40,Maternity,Morning
N41,U Lin Htet,32,Male,09-444-5596,NUR_41,Critical Care,Evening
N42,Daw Ei Mon,33,Female,09-444-5597,NUR_42,General Ward,Night
N43,Daw Wut Yi,34,Female,09-444-5598,NUR_43,Isolation,Morning
N44,U Sai Aung,35,Female,09-444-5599,NUR_44,Maternity,Evening
N45,Daw Nandar,36,Female,09-444-5600,NUR_45,Critical Care,Night
N46,Daw Hsu Hsu,37,Male,09-444-5601,NUR_46,General Ward,Morning
N47,U Kyaw Zin,38,Female,09-444-5602,NUR_47,Isolation,Evening
N48,Daw Mone Mone,39,Female,09-444-5603,NUR_48,Maternity,Night
N49,Daw Thet Thet,28,Female,09-444-5604,NUR_49,Critical Care,Morning
N50,U Aung Min,29,Female,09-444-5605,NUR_50,General Ward,Evening
