HeinHtetSan,48000$11ea63f3ba970237dd99984d74fb8176$d397bcee0bb0a5957981bb360e7e3c96e27ccc965c79508f147cd3294933f2c6,Hospital Manager,Active,Hein Htet San,42,Male,09-900-1000,Health++ Headquarters
DOC_001,48000$83deeb1d1089addd384181cae7c41066$4827f258f0b8689f3ec61bece06250088929ac852ea562fb470d605a1297464a,Doctor,Active,Dr. Nyan Lin Htet,40,Male,09-765-4321,Health++ Clinic
DOC_002,48000$bd135d25b4f24af6eb5b15e89489c2f9$fd1e5614c3ee7930bb4d21566919e4c61fe7ce502d6613e349390fc9c8cd47ca,Doctor,Active,Dr. Phyo Sithu Kyaw,38,Male,09-111-2002,Health++ Clinic
DOC_003,48000$0495b59812f343578a627dc314c12d95$7172e4c791b347d2906ae88e1776d22bd0a686de955ab291bee9b01a78a857ea,Doctor,Active,Dr. Zune Sandi Wint,42,Female,09-111-2003,Health++ Clinic
DOC_004,48000$e55524087c6db4de15136534054c0a0c$a3e52d9cec52a31dcead72a32d06cf56b2add3d5f2ef70535926fc8c479ab6a8,Doctor,Active,Dr. Htoo Kaung Kyaw,36,Male,09-111-2004,Health++ Clinic
DOC_005,48000$c5feaa3921b0be35fb354c67fe886265$fe2e69569d13734ce21dfa9eda40cc8a80a13bc697238c91cf4a237cc4f4fc8b,Doctor,Active,Dr. Aung Kaung Myat,45,Male,09-111-2005,Health++ Clinic
DOC_006,48000$5dc75b7a4a68c2188ebcf683f99a2d65$4dbb5616ba29136e14fc37ec4534ac0c254702c6bfbf4f02a2c85d55265a9850,Doctor,Active,Dr. Kaung Myat Ko Ko,48,Male,09-111-2006,Health++ Clinic
DOC_007,48000$aec1956b63262af0de0114a44cd59cc5$bd85c741c620c428056605c682c272683e1ab6031c919f79663da44de7ffe82f,Doctor,Active,Dr. Kaung Htet Kyaw,34,Male,09-111-2007,Health++ Clinic
DOC_008,48000$a8f7125226451f5860e0325aca279efb$6a6796fc83844911035f3905d714c8cfc38cd3491fd28887b10bd655c8d7aaa7,Doctor,Active,Dr. Moe Thura Aung,39,Male,09-111-2008,Health++ Clinic
DOC_009,48000$417d1c64c28dc98c9e7f2bad70f373b2$b4947c6905a1a54e0156fd80e6df885be3a47ed2611b01e7abc45349e637228a,Doctor,Active,Dr. Ye Hein Thuta Aung,41,Male,09-111-2009,Health++ Clinic
DOC_010,48000$67cd3bf5ed3ff12c1ab2fd19db013a5a$34a6993b383df721e9008b754c7cae104adbb31c9de615c26eb2ef085bfd1690,Doctor,Active,Dr. Htet Naing Lin,37,Male,09-111-2010,Health++ Clinic
DOC_011,48000$2b4d3b96f7ceb529e2f65e03adb51a00$ea3e52a6c1cec0b69112f64b208ab0ecf437e907a66b1028172218ab24c3cef6,Doctor,Active,Dr. Arkar Chan Myae,43,Male,09-111-2011,Health++ Clinic
DOC_012,48000$d2fdf3d040f0b85bd3d6a3710e1f8d59$22d7e728bcf48cd1e6381d99c3c7421162c6eb4f3accffb69834a78e4d736f88,Doctor,Active,Dr. Kyi Phyu Khin,40,Female,09-111-2012,Health++ Clinic
DOC_013,48000$7ce760a05ed9a64acd0eab518f2bd4a2$efb6a39b8bb14b98b01aed77f994f948d1c7a8c0a8213530284d11a397de5805,Doctor,Active,Dr. Han Thi Thi Htun,44,Female,09-111-2013,Health++ Clinic
DOC_014,48000$c225a6fe97fa93e62ee99e43b2043a00$7bf4cfe4f8b6ab848f66dcf79d0786014a68b77c4637ee79ca02c6bfcefa5b55,Doctor,Active,Dr. May Thu Aung,35,Female,09-111-2014,Health++ Clinic
DOC_015,48000$ef2a2a14e44d0ddc273c3695fbd1ce80$363728329dd0bb5759b2a83e9c2ea073a8b339a4e8740e18741170d0f02dc97a,Doctor,Active,Dr. Pa Pa,46,Female,09-111-2015,Health++ Clinic
DOC_016,48000$d13652401577714e3ad6b29a7b8b18bb$bedd55af7290d003cfa89efb1f26861f9c781a61131e4d500e3e673202965ffa,Doctor,Active,Dr. Lae Yi Phyo,41,Female,09-111-2016,Health++ Clinic
DOC_017,48000$1fe6cea247868e0edec8b745f0b5d5b8$fd8503e24737dbcd3b8f9941aeb157ce446b3e10cb2c94a326d28363f569eb53,Doctor,Active,Dr. May Myat Chel,47,Female,09-111-2017,Health++ Clinic
DOC_018,48000$486a7954f725fea2ce836ef48a982add$921f7167a60eb92af35da4117f9c814b456fe0c672fe66d698c235e3bb3a5985,Doctor,Active,Dr. Khine Hsu Zar Thin,39,Female,09-111-2018,Health++ Clinic
DOC_019,48000$b52a2bcf7d333c857ff1a10a4ff96de9$f0f9d71e9fde1dc8dc8deabea385b8d02b2fc93ab32e2fcc87760990d0affc2b,Doctor,Active,Dr. Yone Phyu Phyu Aung,38,Female,09-111-2019,Health++ Clinic
DOC_020,48000$36ba0779b9ef79a75956fbac2dec4845$759030720a894038f62ecd1e6598a6d5ef6c9dbd9251900582ce23082c44d553,Doctor,Active,Dr. Myat Thin Nwe,36,Female,09-111-2020,Health++ Clinic
DOC_021,48000$eccaf9784e331b4f21206fc0fbcd887c$9211f4c82ab35ac14fb8e7c677aab9101c62262a811f477510dd04e20a10051a,Doctor,Active,Dr. Yone Yamone Phoo,36,Female,09-111-2021,Health++ Clinic
NUR_1,48000$628a858a9125850abd9fab398cfe35a7$7871b67bb2839e00789aec184114ef981e28ad0a4e07410cd705aa25ceeafa5a,Nurse,Active,Daw Nu Nu,28,Male,09-444-5556,Critical Care
NUR_2,48000$6568b2a6808b40a8a57d1e2baf0592f7$bfddf5039b4f83f51db5fdbb65eb7d3e1d1eb6c042a8d96d64e870d01067cd9e,Nurse,Active,Daw Moe Moe,29,Female,09-444-5557,General Ward
NUR_3,48000$acecf1cecc355b17ed54964096476732$bd430d75183222730fe879d65fca919cf7a97a6e3be7db83f288828888fe4fd2,Nurse,Active,U Kyaw Swa,30,Female,09-444-5558,Isolation
NUR_4,48000$9fa30165c5bbf2495ce19f16ea27c561$7d503a6d0131628061bfe88832d0fd2dbf75fd8f7d316258b91af42b1f133a9f,Nurse,Active,Daw Khin Hnin,31,Female,09-444-5559,Maternity
NUR_5,48000$7d849473102523ca8f1dc8a768930b16$685b0d7d3637e30e25eaad3879d3bee6c3bfa63284677904a239f08bada409f3,Nurse,Active,Daw Ei Ei,32,Female,09-444-5560,Critical Care
NUR_6,48000$449fca34de819921218d59e01ceb2d75$26c2aabd06e85a2edfb80827152615ba1232372fa2ffa5d21f37cbb713857e9c,Nurse,Active,Daw Su Mon,33,Male,09-444-5561,General Ward
NUR_7,48000$02a2afdb9a2e0cff6eae9992557c96a8$267ea14fb62de8dc8904118bd2beb873b10c0e6bcdfe830807b8f641d8aaab13,Nurse,Active,U Min Zaw,34,Female,09-444-5562,Isolation
NUR_8,48000$a19092989716e07e66efc1180a0fecbb$7bb53228e70ecd02e9b347b39cc3cb5e53448bc33865c259499c9786dedcb57b,Nurse,Active,Daw Hla Hla,35,Female,09-444-5563,Maternity
NUR_9,48000$acf6723a1206f10d304a38c9069d5e68$f775b55ac905822d4d827b7adf78b763dbfd161a89f72ed38a76f98ed21b824b,Nurse,Active,Daw Thiri Win,36,Female,09-444-5564,Critical Care
NUR_10,48000$ebbe409b83c233106a8c5f498e7aa267$0becdf84477ec155a22e37e5c11cc2aa3d37ff447453db14c28a37e3940113be,Nurse,Active,Daw May Zin,37,Female,09-444-5565,General Ward
NUR_11,48000$9180d1982df7118b63b68eba01dfef4c$7f8829cbc77da053164796ef844f6deec3ac32ec56825ab1d577554f45dfa592,Nurse,Active,U Aung Kyaw,38,Male,09-444-5566,Isolation
NUR_12,48000$a778ca790502c372e1992e71146cd9b9$d3078f93ce77e5da50d8fffad1f5df07064b52fddc3616c80510f430011a4fb6,Nurse,Active,Daw Nwe Nwe,39,Female,09-444-5567,Maternity
NUR_13,48000$0d6838254eec5b060ce972dc63166f29$c01d963af5eab8d7b33899cb2682b97d9c1ba0d63179a7d6d81ec3ec24f2295b,Nurse,Active,Daw Phyu Phyu,28,Female,09-444-5568,Critical Care
NUR_14,48000$d8f4ec5a5c8b331466cbc2e543da65cd$6abccd9d0f4d1f7dc95905d85a3e7a60ba4cb8c96a232debde540c10faf734b6,Nurse,Active,U Hein Htet,29,Female,09-444-5569,General Ward
NUR_15,48000$4cdb9a5b4d1d8732f0303825f9b1238f$9b9c832c065aeca43f44e249671ab3eb70282131726f570a930614a5b9adcada,Nurse,Active,Daw San San,30,Female,09-444-5570,Isolation
NUR_16,48000$0a6fedf2650094a0b3750a242f879ea5$ac3950877b40ad7b845e2c0fd5f0ea14fe086f898b29e4992025cdae3d83562d,Nurse,Active,Daw Mya Mya,31,Male,09-444-5571,Maternity
NUR_17,48000$010c92e1964f8885d79ba6de6d7d7ba9$cbbf2d26a19afd89beae4703929e3b96b127d095d00f261420ce044be628a17c,Nurse,Active,U Zaw Lin,32,Female,09-444-5572,Critical Care
NUR_18,48000$6b48f5fdf2fe64afc350cc8f958d5981$9de24864ef963f28cbc5dfd339ba87b9c5c4fc066a25d5149cbf3cf7e41a9766,Nurse,Active,Daw Khin Yu,33,Female,09-444-5573,General Ward
NUR_19,48000$2a6700f7c19338c4ea0c402a5aec63bc$a6313bca9c7cbc1e287b249ef1071ec0049ba48f126d584ab2017e8a8b06e78a,Nurse,Active,Daw Wai Wai,34,Female,09-444-5574,Isolation
NUR_20,48000$ce15491e631c1862a681cc6d4aa617a3$6f597dc034e9915d397b8d1be4e43d7b0618a3684ca700ba2a9ddb3d51aea894,Nurse,Active,U Nay Lin,35,Female,09-444-5575,Maternity
NUR_21,48000$ad61f00f72cb12e819a6f1d195f924e8$6e2e85aee01697f7ccaa22c8d06829b2cd0ce77ea35d4599cc02c4bce4f80ed4,Nurse,Active,Daw Htet Htet,36,Male,09-444-5576,Critical Care
NUR_22,48000$9d05d942d4e1a04f85b10d2616712da3$e411b64b2f0618586307deaf788ad01f94153bf7828ae68389724ec5cfeb2f05,Nurse,Active,Daw Mi Mi,37,Female,09-444-5577,General Ward
NUR_23,48000$a3312dec159908526a4ae4601336e025$3c0d2dc6d3d1a0acb991e97aa497b160d2ccd2585a1319812828d68c51b58459,Nurse,Active,U Kaung Myat,38,Female,09-444-5578,Isolation
NUR_24,48000$c366ce940137742bae8202ad3b0f8da3$74baac1b4056d37dd84863f0e8e8d8397d6a54d5e00e1659ff9f4af295ed238a,Nurse,Active,Daw Yadanar,39,Female,09-444-5579,Maternity
NUR_25,48000$f2af68226dcd5acc2a17767acf4afd12$60a2149bbada4e9732c16d8c946a840dd91843e520e37cb9c6bf43de6167dddf,Nurse,Active,Daw Nilar,28,Female,09-444-5580,Critical Care
NUR_26,48000$336aaa93314bc6f9c543650ac5f3fb87$2900b3226a4ac994e7718bd3485c6e94e22643af7e60b43b0044d95b870865d9,Nurse,Active,U Phone Myint,29,Male,09-444-5581,General Ward
NUR_27,48000$e84f27af965178f39753eba10641d7fa$73fa3a77d7107eca5b0b0ba87f76abebf659aa63a603479102008d62ea809b89,Nurse,Active,Daw Cherry,30,Female,09-444-5582,Isolation
NUR_28,48000$6c1f8b435a255369effd4be251903193$734364c21d731842487c75aa9553098fb11e7433540a3fded02c4b525e74214f,Nurse,Active,Daw Pwint Pwint,31,Female,09-444-5583,Maternity
NUR_29,48000$dc94c61805fb38c8dbed1013bd8418e9$57a87ba8afd4087adfc45e3ddcd24d1af483baf2b6b3f9ceeecfc8f1ad479da4,Nurse,Active,U Sithu,32,Female,09-444-5584,Critical Care
NUR_30,48000$5eb56a4e619441054f2664d46ccf62f7$5f3574177d7c9398cb806e81ea41ee0153479f858092573d96824c4341212d27,Nurse,Active,Daw Hnin Hnin,33,Female,09-444-5585,General Ward
NUR_31,48000$cbcbdb472ee47022c6cddca9aa4f6bdf$85b283ba01f3b8091964556c5a4cdb6b54ad1a9513a157f776e962ea73e608af,Nurse,Active,Daw Su Su,34,Male,09-444-5586,Isolation
NUR_32,48000$25edbf4d25d04ff16fb549cc68ace109$3288f1542e1730f40ea24a9ff4234057568bf8bb5bb957ffe47394633da6e6c5,Nurse,Active,U Thant Zin,35,Female,09-444-5587,Maternity
NUR_33,48000$98070986eda9a29d5d7caae5eccb3809$bb93efca07fd710ff879e877c573a2d99593b5e0ad06e75e5a04f44323ce13a0,Nurse,Active,Daw Shwe Sin,36,Female,09-444-5588,Critical Care
NUR_34,48000$56b64d49e237246a6fdc5b5d05d2ef6d$0f061f8b325e3cb48c01d24ccbb5a47847cafa2d2cdbf8c49a24ded3d5edf956,Nurse,Active,Daw Kyal Sin,37,Female,09-444-5589,General Ward
NUR_35,48000$433e2043e8e16fc8113c74357af944f6$fd8c55b58f56ce5133157c48eaa3826502dd348d017d84de86e0dfe2301b3808,Nurse,Active,U Ye Min,38,Female,09-444-5590,Isolation
NUR_36,48000$ce9d6419d775c9feff0816d3cb829aec$c9ee040feee112bbbe7255731b5bdbd4ea04a16c65bdc9165ebb8557cacec215,Nurse,Active,Daw Thazin,39,Male,09-444-5591,Maternity
NUR_37,48000$f0de21fceeb8a8196f861eeaee987140$ed9e0ee8e14af2fa8d5f48a726914bd674d49801376b56a10e8246fbf6de3d36,Nurse,Active,Daw Khin Khin,28,Female,09-444-5592,Critical Care
NUR_38,48000$e94954ab7621b05cbc19fe11c92e047f$e1f3d83c593d175eeca6b1e68e8dbe9e3adbc0ecb776635745d4dce971da0a09,Nurse,Active,U Myo Min,29,Female,09-444-5593,General Ward
NUR_39,48000$625c77dcf5383f96fdb267fa2ff9bad4$46fb871f335aae12c0ca28be53e61a445627f8125b8dafe3e1b04e53b0aea643,Nurse,Active,Daw May May,30,Female,09-444-5594,Isolation
NUR_40,48000$ecbddcfaa35042a3ff88ba26df030116$cad7ca29ec62869f54a34d142dae73090400278ee9c7e1c40043ae22573558db,Nurse,Active,Daw Zar Zar,31,Female,09-444-5595,Maternity
NUR_41,48000$1c702bd1d1bbfbb586521a0ca6fd6544$88f966972cd1d3cbb61cb02b773220e57389793ec8a1463f9c041d5898438101,Nurse,Active,U Lin Htet,32,Male,09-444-5596,Critical Care
NUR_42,48000$03fbf473195f33917199775b046df3c3$6cc49de83416e17c092b185795ab5d65336bff590049743c7ad3a89ce7909929,Nurse,Active,Daw Ei Mon,33,Female,09-444-5597,General Ward
NUR_43,48000$0b820886ab449f2854b0d4f509379623$0ddcdc65c96927f9215727e9531650975356b7c092458aad0e3eefba527bd97f,Nurse,Active,Daw Wut Yi,34,Female,09-444-5598,Isolation
NUR_44,48000$f4d42e585dd665d765779cd5cd5f4f01$7dfcb96d36b1d4a3af26d0684f62e96475b0e348f7d3054c0d78ffef9b6d3e5a,Nurse,Active,U Sai Aung,35,Female,09-444-5599,Maternity
NUR_45,48000$46505565b151824ba3ae3e2641fb09e2$9d0fbda3117ca4f0b37520e524cf6ce705d6dce1c9156daf176173ef161a1211,Nurse,Active,Daw Nandar,36,Female,09-444-5600,Critical Care
NUR_46,48000$81a82523169410aa14afb6d4906bec3a$72e6779c11a0e952323f9e0c2f3fd01c0f5bf7c4e224b8330c443478c9510891,Nurse,Active,Daw Hsu Hsu,37,Male,09-444-5601,General Ward
NUR_47,48000$6ed205df4ef73b07be2f8a68b3f75889$223fe03efcd19f6675620c1796e0766f8164b7877c2b502d6a42a710b181428c,Nurse,Active,U Kyaw Zin,38,Female,09-444-5602,Isolation
NUR_48,48000$006f19fda65e35b86a44272be9c30050$e01943f2c79c05d3b1b1976cecbad2afffa67643fd92e3f3fb289ca450ff383b,Nurse,Active,Daw Mone Mone,39,Female,09-444-5603,Maternity
NUR_49,48000$547e8fd88dbb0606c5b11ecdf36d046a$fe364a883d2ff9a35bf268fd2519fde66c4023ebc1c47e6aa4b3a04e4cf9900c,Nurse,Active,Daw Thet Thet,28,Female,09-444-5604,Critical Care
NUR_50,48000$3f780091005701e129553b68a6aa9bad$5f12517b4cde70fe04c0d8861832fd40ecc446c8b7e14733828002584360e21a,Nurse,Active,U Aung Min,29,Female,09-444-5605,General Ward
@kyawkyaw341,48000$9235be652456754dba7b81d1e996bc35$1065d7765bb06ac0c6c457dd98283b8e89e45ed04a0a1ea03057d0f53c451c94,Patient,Active,Kyaw Gyi,20,Male,09439829243,Chan Aye Thar Zan
Mya Mya,48000$e44d2807a2c252a88d7add0ee12137ad$9b77da10f98f134bd9a6eebb7d8dab3e0145796f3acfa5c6e89d1f96c3163bff,Patient,Active,Mya Mya,30,Female,098764253112,Yan Kin Taung street;no 3; main road ;
Aung Aung,48000$d7bfa6aaabdca9c2d2e524bd688b0b88$9e221a3a5833afd9522b495f04dc87fb3c06fee4b99892debae18a4841bd93f8,Patient,Active,Aung Aung,28,Male,0932146453721,Mingalar road;No 3; sub way
patient_amy,48000$80ea476e90c661744c7d82337b40451d$e166e2ad9103751f0b85a805eff5dbfc2bdebe3731daae8a15d80c8bacb27ce6,Patient,Active,Amy Win,27,Female,09-700-1001,Bahan
patient_ko,48000$4141ef88adeb8651c74380b414933b13$158bd9e63b61ac5fc0424da24664b2caf38498ce041bcd4f0e999fec073e29c8,Patient,Active,Ko Min Thu,34,Male,09-700-1002,Sanchaung
patient_thiri,48000$32239ecbeab8a068be81f173a0c08c11$37444c05ae359107220108a013b62f5658c5e63e37f9f4568c257dbf6ddeb3f9,Patient,Active,Thiri Aung,31,Female,09-700-1003,Kamayut
patient_nay,48000$e08f8f45a6fca2378093493b9bbd1c20$173829ac5471a353273f762a970c367d43414232862811f86f813c28801578d8,Patient,Active,Nay Lin,52,Male,09-700-1004,Insein
patient_may,48000$b99ee760911493751090b53d38735b9d$35fd076353fd8a6fa4f91d2982805503d4f20d1560b732ab2ef68eaa1f769932,Patient,Active,May Zin,29,Female,09-700-1005,Tamwe
patient_hla,48000$f7b2066d4878b6e94cbbcaafe3c1986a$61b911c0782e24866b028f9e6c8ab9b2c2ab951705caf97380274d41d9d9b997,Patient,Active,Hla Hla,41,Female,09-700-1006,Thingangyun
DOC_023,48000$bcedbfcd381fa77e3b3a89edf1786858$f33c0d3656f51efe59ff54d61425f9f2f01fde6ef3a5754fa61d94b0e6a04508,Doctor,Active,Nay Chi,33,Female,09-111-2023,Health++ Clinic
DOC_024,48000$1a537fa2b8d830b511171223d6dcb5ea$af18729666d90e9c171273eede3034b83e36edf7904563a1861916643fe781bc,Doctor,Active,Aye Thiri Aung,35,Female,09-111-2024,Health++ Clinic
DOC_025,48000$387c7d46b78750f87f62e2150e2ada0e$6ef7310ef240515a2bf095a17d375533d7f276adc9c5e39dd2710979795632db,Doctor,Active,Ei Zin Htet,31,Female,09-111-2025,Health++ Clinic
@waiyan,48000$54bb341a06ce2e00dd62d6999a2769b8$f0f02e61f1d621cb0ea059f225596de9afe52af3fc689a6e6132729fe81e5811,Patient,Active,Wai Yan,22,Male,09-231-321-453,Hlaing ;Parami Road
@thientwadi,48000$a14e29890de6fbea0f8d06c1aaeb327b$84e5b322a5b04c49567b7b4bd2ac2247e1291f7bd483ead5119169520d2d0019,Doctor,Active,Dr. Theint Wadi Aung,25,Female,09 213-324-652,Parami Condo
